test_mean,test_std,train_mean,train_std
0.03516803646875543,0.017449530871044946,0.0003506746867449907,0.00017501353962771018
