test_mean,test_std,train_mean,train_std
0.11026707251509263,0.0606426809926957,0.0007339758104482574,0.00040353008719538777
