test,train,val
0.47774946689605713,0.5074537396430969,0.5034651756286621
